session_id,interaction_number,move_number,timestamp,micro_timestamp,content,phase,move_type,modality,source,cognitive_load,context
unified_session_20250908_141305,1,1,2025-09-08T14:13:16.453007,1757340796.453007,I'm designing a community center that is mainly focus on the integration between indoor and outdoor space.,ideation,general,text,student,0.09,"{""sentence_position"": 0, ""text_length"": 106, ""has_question"": false, ""word_count"": 17, ""complexity_score"": 0.5294117647058824}"
unified_session_20250908_141305,1,2,2025-09-08T14:13:16.553007,1757340796.553007,"The configuration should facilitate circulation and porosity, enhancing the connection with the neightborhood but also creating new and more cummunity spaces.",ideation,general,text,student,0.15899999999999997,"{""sentence_position"": 1, ""text_length"": 158, ""has_question"": false, ""word_count"": 21, ""complexity_score"": 0.7571428571428571}"
unified_session_20250908_141305,1,1,2025-09-08T14:13:16.753007,1757340796.753007,It's wonderful to see your passion for designing a community center that harmonizes indoor and outdoor spaces!,ideation,general,text,agent,0.094,"{""sentence_position"": 1, ""text_length"": 110, ""has_question"": false, ""word_count"": 17, ""complexity_score"": 0.5529411764705883}"
unified_session_20250908_141305,1,2,2025-09-08T14:13:16.853007,1757340796.853007,"This aspect of design can indeed facilitate circulation and create a sense of porosity, making the building more inviting and integrated with the neighborhood.",ideation,general,text,agent,0.16,"{""sentence_position"": 2, ""text_length"": 159, ""has_question"": false, ""word_count"": 24, ""complexity_score"": 0.6666666666666666}"
unified_session_20250908_141305,1,3,2025-09-08T14:13:16.953007,1757340796.953007,"To open up the design space, let's think about how different materials and building techniques could enhance this indoor-outdoor connection.",ideation,analysis,text,agent,0.1551,"{""sentence_position"": 3, ""text_length"": 140, ""has_question"": false, ""word_count"": 20, ""complexity_score"": 0.705}"
unified_session_20250908_141305,1,4,2025-09-08T14:13:17.053007,1757340797.053007,"Consider, too, the role of light - how can it be used to provide continuity be",ideation,analysis,text,agent,0.10450000000000001,"{""sentence_position"": 4, ""text_length"": 78, ""has_question"": false, ""word_count"": 16, ""complexity_score"": 0.59375}"
unified_session_20250908_141305,2,1,2025-09-08T14:13:16.643286,1757340796.643286,I'm designing a community center that is mainly focus on the integration between indoor and outdoor space.,unknown,general,text,student,0.09,"{""sentence_position"": 0, ""text_length"": 106, ""has_question"": false, ""word_count"": 17, ""complexity_score"": 0.5294117647058824}"
unified_session_20250908_141305,2,2,2025-09-08T14:13:16.743286,1757340796.743286,"The configuration should facilitate circulation and porosity, enhancing the connection with the neightborhood but also creating new and more cummunity spaces.",unknown,general,text,student,0.15899999999999997,"{""sentence_position"": 1, ""text_length"": 158, ""has_question"": false, ""word_count"": 21, ""complexity_score"": 0.7571428571428571}"
unified_session_20250908_141305,2,1,2025-09-08T14:13:16.943286,1757340796.943286,It's wonderful to see your passion for designing a community center that harmonizes indoor and outdoor spaces!,unknown,general,text,agent,0.094,"{""sentence_position"": 1, ""text_length"": 110, ""has_question"": false, ""word_count"": 17, ""complexity_score"": 0.5529411764705883}"
unified_session_20250908_141305,2,2,2025-09-08T14:13:17.043286,1757340797.043286,"This aspect of design can indeed facilitate circulation and create a sense of porosity, making the building more inviting and integrated with the neighborhood.",unknown,general,text,agent,0.16,"{""sentence_position"": 2, ""text_length"": 159, ""has_question"": false, ""word_count"": 24, ""complexity_score"": 0.6666666666666666}"
unified_session_20250908_141305,2,3,2025-09-08T14:13:17.143286,1757340797.143286,"To open up the design space, let's think about how different materials and building techniques could enhance this indoor-outdoor connection.",unknown,analysis,text,agent,0.1551,"{""sentence_position"": 3, ""text_length"": 140, ""has_question"": false, ""word_count"": 20, ""complexity_score"": 0.705}"
unified_session_20250908_141305,2,4,2025-09-08T14:13:17.243286,1757340797.243286,"Consider, too, the role of light - how can it be used to provide continuity between indoor and outdoor spaces?",unknown,analysis,text,agent,0.1441,"{""sentence_position"": 4, ""text_length"": 110, ""has_question"": true, ""word_count"": 20, ""complexity_score"": 0.655}"
unified_session_20250908_141305,2,5,2025-09-08T14:13:17.343286,1757340797.343286,I'm also curious about your vision for the community spaces you mentioned.,unknown,general,text,agent,0.063,"{""sentence_position"": 5, ""text_length"": 74, ""has_question"": false, ""word_count"": 12, ""complexity_score"": 0.525}"
unified_session_20250908_141305,2,6,2025-09-08T14:13:17.443286,1757340797.443286,What activities would you like these spaces to accommodate?,unknown,general,text,agent,0.051,"{""sentence_position"": 6, ""text_length"": 59, ""has_question"": true, ""word_count"": 9, ""complexity_score"": 0.5666666666666667}"
unified_session_20250908_141305,2,7,2025-09-08T14:13:17.543286,1757340797.543286,How would you ensure these spaces are inviting and engaging for the community?,unknown,analysis,text,agent,0.07260000000000001,"{""sentence_position"": 7, ""text_length"": 78, ""has_question"": true, ""word_count"": 13, ""complexity_score"": 0.5076923076923077}"
unified_session_20250908_141305,2,8,2025-09-08T14:13:17.643286,1757340797.643286,I'm thrilled to be a part of your journey in exploring these ideas.,unknown,general,text,agent,0.055,"{""sentence_position"": 8, ""text_length"": 67, ""has_question"": false, ""word_count"": 13, ""complexity_score"": 0.4230769230769231}"
unified_session_20250908_141305,2,9,2025-09-08T14:13:17.743286,1757340797.743286,Let's dive deeper together!,unknown,general,text,agent,0.024,"{""sentence_position"": 9, ""text_length"": 27, ""has_question"": false, ""word_count"": 4, ""complexity_score"": 0.6}"
unified_session_20250908_141305,2,10,2025-09-08T14:13:17.843286,1757340797.843286,"To help us explore this together, I'd love to hear your thoughts on:",unknown,general,text,agent,0.095,"{""sentence_position"": 10, ""text_length"": 68, ""has_question"": false, ""word_count"": 13, ""complexity_score"": 0.7307692307692308}"
unified_session_20250908_141305,2,11,2025-09-08T14:13:18.043286,1757340798.043286,Who are the main users and what do they need?,unknown,general,text,agent,0.036,"{""sentence_position"": 12, ""text_length"": 45, ""has_question"": true, ""word_count"": 10, ""complexity_score"": 0.36}"
unified_session_20250908_141305,2,12,2025-09-08T14:13:18.243286,1757340798.243286,What activities will take place in this space?,unknown,general,text,agent,0.039,"{""sentence_position"": 14, ""text_length"": 46, ""has_question"": true, ""word_count"": 8, ""complexity_score"": 0.4875}"
unified_session_20250908_141305,2,13,2025-09-08T14:13:18.443286,1757340798.443286,How do you see the program influencing the spatial organization?,unknown,analysis,text,agent,0.060500000000000005,"{""sentence_position"": 16, ""text_length"": 64, ""has_question"": true, ""word_count"": 10, ""complexity_score"": 0.55}"
unified_session_20250908_141305,2,14,2025-09-08T14:13:18.543286,1757340798.543286,**How we'll work together:** I'm here to guide you through a progressive learning journey.,unknown,analysis,text,agent,0.1155,"{""sentence_position"": 17, ""text_length"": 90, ""has_question"": false, ""word_count"": 14, ""complexity_score"": 0.75}"
unified_session_20250908_141305,2,15,2025-09-08T14:13:18.643286,1757340798.643286,"We'll start by understanding your interests and then explore the design space together, building your knowledge step by step.",unknown,general,text,agent,0.126,"{""sentence_position"": 18, ""text_length"": 125, ""has_question"": false, ""word_count"": 19, ""complexity_score"": 0.6631578947368421}"
unified_session_20250908_141305,2,16,2025-09-08T14:13:18.743286,1757340798.743286,**Next steps:** • Share your thoughts on the questions above • Tell me more about what interests you most • Ask about any concepts you'd like to explore further,unknown,general,text,agent,0.19,"{""sentence_position"": 19, ""text_length"": 160, ""has_question"": false, ""word_count"": 29, ""complexity_score"": 0.6551724137931034}"
unified_session_20250908_141305,2,17,2025-09-08T14:13:18.843286,1757340798.843286,I'm excited to explore this architectural journey with you!,unknown,general,text,agent,0.051,"{""sentence_position"": 20, ""text_length"": 59, ""has_question"": false, ""word_count"": 9, ""complexity_score"": 0.5666666666666667}"
unified_session_20250908_141305,2,18,2025-09-08T14:13:18.943286,1757340798.943286,What would you like to start with?,unknown,general,text,agent,0.028000000000000004,"{""sentence_position"": 21, ""text_length"": 34, ""has_question"": true, ""word_count"": 7, ""complexity_score"": 0.4}"
unified_session_20250908_141305,3,1,2025-09-08T14:16:07.541784,1757340967.541784,"the main users of the community center will be citizen of all ages, active in the public life of the city, organizing cultural events.",ideation,general,text,student,0.15900000000000003,"{""sentence_position"": 0, ""text_length"": 134, ""has_question"": false, ""word_count"": 24, ""complexity_score"": 0.6625000000000001}"
unified_session_20250908_141305,3,2,2025-09-08T14:16:07.641784,1757340967.641784,Also spaces for private events will be provided.,ideation,general,text,student,0.040999999999999995,"{""sentence_position"": 1, ""text_length"": 48, ""has_question"": false, ""word_count"": 8, ""complexity_score"": 0.5125}"
unified_session_20250908_141305,3,1,2025-09-08T14:16:07.741784,1757340967.741784,Processing.,ideation,general,text,agent,0.01,"{""sentence_position"": 0, ""text_length"": 11, ""has_question"": false, ""word_count"": 1, ""complexity_score"": 1.0}"
unified_session_20250908_141305,4,1,2025-09-08T14:16:29.271381,1757340989.271381,"the main users of the community center will be citizen of all ages, active in the public life of the city, organizing cultural events.",ideation,general,text,student,0.15900000000000003,"{""sentence_position"": 0, ""text_length"": 134, ""has_question"": false, ""word_count"": 24, ""complexity_score"": 0.6625000000000001}"
unified_session_20250908_141305,4,2,2025-09-08T14:16:29.371381,1757340989.371381,Also spaces for private events will be provided.,ideation,general,text,student,0.040999999999999995,"{""sentence_position"": 1, ""text_length"": 48, ""has_question"": false, ""word_count"": 8, ""complexity_score"": 0.5125}"
unified_session_20250908_141305,4,1,2025-09-08T14:16:29.471381,1757340989.471381,"You've identified a diverse group of users for your community center, noting that it will serve citizens of all ages involved in public and cultural activities, while also accommodating private events.",ideation,general,text,agent,0.23300000000000004,"{""sentence_position"": 0, ""text_length"": 201, ""has_question"": false, ""word_count"": 31, ""complexity_score"": 0.7516129032258065}"
unified_session_20250908_141305,4,2,2025-09-08T14:16:29.571381,1757340989.571381,"Considering this, how might the design of the spaces reflect the dynamic needs of both public cultural events and private gatherings?",ideation,analysis,text,agent,0.14740000000000003,"{""sentence_position"": 1, ""text_length"": 133, ""has_question"": true, ""word_count"": 21, ""complexity_score"": 0.6380952380952382}"
unified_session_20250908_141305,4,3,2025-09-08T14:16:29.671381,1757340989.671381,"Additionally, how can the center's layout promote accessibility and engagement across different age groups, perhaps by integrating flexible spaces that can adapt to",ideation,analysis,text,agent,0.20679999999999998,"{""sentence_position"": 2, ""text_length"": 164, ""has_question"": false, ""word_count"": 23, ""complexity_score"": 0.817391304347826}"
unified_session_20250908_141305,5,1,2025-09-08T14:16:29.321471,1757340989.321471,"the main users of the community center will be citizen of all ages, active in the public life of the city, organizing cultural events.",unknown,general,text,student,0.15900000000000003,"{""sentence_position"": 0, ""text_length"": 134, ""has_question"": false, ""word_count"": 24, ""complexity_score"": 0.6625000000000001}"
unified_session_20250908_141305,5,2,2025-09-08T14:16:29.421471,1757340989.421471,Also spaces for private events will be provided.,unknown,general,text,student,0.040999999999999995,"{""sentence_position"": 1, ""text_length"": 48, ""has_question"": false, ""word_count"": 8, ""complexity_score"": 0.5125}"
unified_session_20250908_141305,5,1,2025-09-08T14:16:29.521471,1757340989.521471,"You've identified a diverse group of users for your community center, noting that it will serve citizens of all ages involved in public and cultural activities, while also accommodating private events.",unknown,general,text,agent,0.23300000000000004,"{""sentence_position"": 0, ""text_length"": 201, ""has_question"": false, ""word_count"": 31, ""complexity_score"": 0.7516129032258065}"
unified_session_20250908_141305,5,2,2025-09-08T14:16:29.621471,1757340989.621471,"Considering this, how might the design of the spaces reflect the dynamic needs of both public cultural events and private gatherings?",unknown,analysis,text,agent,0.14740000000000003,"{""sentence_position"": 1, ""text_length"": 133, ""has_question"": true, ""word_count"": 21, ""complexity_score"": 0.6380952380952382}"
unified_session_20250908_141305,5,3,2025-09-08T14:16:29.721471,1757340989.721471,"Additionally, how can the center's layout promote accessibility and engagement across different age groups, perhaps by integrating flexible spaces that can adapt to the varying activities you envision?",unknown,analysis,text,agent,0.25300000000000006,"{""sentence_position"": 2, ""text_length"": 201, ""has_question"": true, ""word_count"": 28, ""complexity_score"": 0.8214285714285714}"
unified_session_20250908_141305,6,1,2025-09-08T14:17:56.809037,1757341076.809037,"I think providing different spaces, but first of all a space that is own by everyone, so everyone is responsible for it, keep it tidy and clean and organized.",ideation,reflection,text,student,0.17360000000000003,"{""sentence_position"": 0, ""text_length"": 158, ""has_question"": false, ""word_count"": 29, ""complexity_score"": 0.7482758620689656}"
unified_session_20250908_141305,6,2,2025-09-08T14:17:56.909037,1757341076.909037,It have to be like the livingroom of your own house.,ideation,general,text,student,0.042,"{""sentence_position"": 1, ""text_length"": 52, ""has_question"": false, ""word_count"": 11, ""complexity_score"": 0.38181818181818183}"
unified_session_20250908_141305,6,1,2025-09-08T14:17:57.009037,1757341077.009037,Processing.,ideation,general,text,agent,0.01,"{""sentence_position"": 0, ""text_length"": 11, ""has_question"": false, ""word_count"": 1, ""complexity_score"": 1.0}"
unified_session_20250908_141305,7,1,2025-09-08T14:18:11.133756,1757341091.133756,"I think providing different spaces, but first of all a space that is own by everyone, so everyone is responsible for it, keep it tidy and clean and organized.",ideation,reflection,text,student,0.17360000000000003,"{""sentence_position"": 0, ""text_length"": 158, ""has_question"": false, ""word_count"": 29, ""complexity_score"": 0.7482758620689656}"
unified_session_20250908_141305,7,2,2025-09-08T14:18:11.233756,1757341091.233756,It have to be like the livingroom of your own house.,ideation,general,text,student,0.042,"{""sentence_position"": 1, ""text_length"": 52, ""has_question"": false, ""word_count"": 11, ""complexity_score"": 0.38181818181818183}"
unified_session_20250908_141305,7,1,2025-09-08T14:18:11.333756,1757341091.333756,"It's insightful that you're thinking of creating a shared space that everyone feels responsible for, akin to the living room of a house.",ideation,general,text,agent,0.13699999999999998,"{""sentence_position"": 0, ""text_length"": 136, ""has_question"": false, ""word_count"": 23, ""complexity_score"": 0.5956521739130435}"
unified_session_20250908_141305,7,2,2025-09-08T14:18:11.433756,1757341091.433756,This idea of collective ownership is crucial for fostering a sense of community and accountability among diverse groups.,ideation,synthesis,text,agent,0.12359999999999999,"{""sentence_position"": 1, ""text_length"": 120, ""has_question"": false, ""word_count"": 18, ""complexity_score"": 0.5722222222222222}"
unified_session_20250908_141305,7,3,2025-09-08T14:18:11.533756,1757341091.533756,"As you consider how the characteristics of the site can influence this, think about how the layout, natural light, and accessibility can enhance this communal living room feel.",ideation,analysis,text,agent,0.25630000000000003,"{""sentence_position"": 2, ""text_length"": 176, ""has_question"": false, ""word_count"": 28, ""complexity_score"": 0.8321428571428572}"
unified_session_20250908_141305,7,4,2025-09-08T14:18:11.633756,1757341091.633756,"How might these elements, along with the site's specific environm",ideation,analysis,text,agent,0.07260000000000001,"{""sentence_position"": 3, ""text_length"": 65, ""has_question"": false, ""word_count"": 10, ""complexity_score"": 0.6599999999999999}"
unified_session_20250908_141305,8,1,2025-09-08T14:18:11.189476,1757341091.189476,"I think providing different spaces, but first of all a space that is own by everyone, so everyone is responsible for it, keep it tidy and clean and organized.",unknown,reflection,text,student,0.17360000000000003,"{""sentence_position"": 0, ""text_length"": 158, ""has_question"": false, ""word_count"": 29, ""complexity_score"": 0.7482758620689656}"
unified_session_20250908_141305,8,2,2025-09-08T14:18:11.289476,1757341091.289476,It have to be like the livingroom of your own house.,unknown,general,text,student,0.042,"{""sentence_position"": 1, ""text_length"": 52, ""has_question"": false, ""word_count"": 11, ""complexity_score"": 0.38181818181818183}"
unified_session_20250908_141305,8,1,2025-09-08T14:18:11.389476,1757341091.389476,"It's insightful that you're thinking of creating a shared space that everyone feels responsible for, akin to the living room of a house.",unknown,general,text,agent,0.13699999999999998,"{""sentence_position"": 0, ""text_length"": 136, ""has_question"": false, ""word_count"": 23, ""complexity_score"": 0.5956521739130435}"
unified_session_20250908_141305,8,2,2025-09-08T14:18:11.489476,1757341091.489476,This idea of collective ownership is crucial for fostering a sense of community and accountability among diverse groups.,unknown,general,text,agent,0.103,"{""sentence_position"": 1, ""text_length"": 120, ""has_question"": false, ""word_count"": 18, ""complexity_score"": 0.5722222222222222}"
unified_session_20250908_141305,8,3,2025-09-08T14:18:11.589476,1757341091.589476,"As you consider how the characteristics of the site can influence this, think about how the layout, natural light, and accessibility can enhance this communal living room feel.",unknown,analysis,text,agent,0.25630000000000003,"{""sentence_position"": 2, ""text_length"": 176, ""has_question"": false, ""word_count"": 28, ""complexity_score"": 0.8321428571428572}"
unified_session_20250908_141305,8,4,2025-09-08T14:18:11.689476,1757341091.689476,"How might these elements, along with the site's specific environmental and cultural context, help you design a space that truly embodies the idea of a shared home for the community?",unknown,analysis,text,agent,0.2332,"{""sentence_position"": 3, ""text_length"": 181, ""has_question"": true, ""word_count"": 30, ""complexity_score"": 0.7066666666666666}"
unified_session_20250908_141305,9,1,2025-09-08T14:19:40.059275,1757341180.059275,"i was thinking at a courtyard building, or better a building with different courtyard.",ideation,general,text,student,0.087,"{""sentence_position"": 0, ""text_length"": 86, ""has_question"": false, ""word_count"": 14, ""complexity_score"": 0.6214285714285714}"
unified_session_20250908_141305,9,2,2025-09-08T14:19:40.159275,1757341180.159275,They should be accessible from a different level to mantain privateness and openess at the same time.,ideation,general,text,student,0.085,"{""sentence_position"": 1, ""text_length"": 101, ""has_question"": false, ""word_count"": 17, ""complexity_score"": 0.5}"
unified_session_20250908_141305,9,1,2025-09-08T14:19:40.259275,1757341180.259275,Processing.,ideation,general,text,agent,0.01,"{""sentence_position"": 0, ""text_length"": 11, ""has_question"": false, ""word_count"": 1, ""complexity_score"": 1.0}"
unified_session_20250908_141305,10,1,2025-09-08T14:20:03.759066,1757341203.759066,"i was thinking at a courtyard building, or better a building with different courtyard.",ideation,general,text,student,0.087,"{""sentence_position"": 0, ""text_length"": 86, ""has_question"": false, ""word_count"": 14, ""complexity_score"": 0.6214285714285714}"
unified_session_20250908_141305,10,2,2025-09-08T14:20:03.859066,1757341203.859066,They should be accessible from a different level to mantain privateness and openess at the same time.,ideation,general,text,student,0.085,"{""sentence_position"": 1, ""text_length"": 101, ""has_question"": false, ""word_count"": 17, ""complexity_score"": 0.5}"
unified_session_20250908_141305,10,1,2025-09-08T14:20:03.959066,1757341203.959066,**Synthesis:**,ideation,general,text,agent,0.01,"{""sentence_position"": 0, ""text_length"": 14, ""has_question"": false, ""word_count"": 1, ""complexity_score"": 1.0}"
unified_session_20250908_141305,10,2,2025-09-08T14:20:04.059066,1757341204.059066,"- Insight: Implement a tiered design where each level of the community center has access to its own courtyard, creating distinct zones for different activities or groups.",ideation,general,text,agent,0.22499999999999998,"{""sentence_position"": 1, ""text_length"": 170, ""has_question"": false, ""word_count"": 27, ""complexity_score"": 0.8333333333333333}"
unified_session_20250908_141305,10,3,2025-09-08T14:20:04.159066,1757341204.159066,"This can be achieved by designing a cascading structure where each courtyard is positioned at a slightly different elevation, allowing for both visual and acoustic separation while maintaining a sense of openness.",ideation,general,text,agent,0.214,"{""sentence_position"": 2, ""text_length"": 213, ""has_question"": false, ""word_count"": 32, ""complexity_score"": 0.66875}"
unified_session_20250908_141305,10,4,2025-09-08T14:20:04.259066,1757341204.259066,"This approach provides varying levels of privacy and can cater to different community needs, such as",ideation,synthesis,text,agent,0.12119999999999999,"{""sentence_position"": 3, ""text_length"": 100, ""has_question"": false, ""word_count"": 16, ""complexity_score"": 0.63125}"
unified_session_20250908_141305,11,1,2025-09-08T14:20:03.879103,1757341203.879103,"i was thinking at a courtyard building, or better a building with different courtyard.",unknown,general,text,student,0.087,"{""sentence_position"": 0, ""text_length"": 86, ""has_question"": false, ""word_count"": 14, ""complexity_score"": 0.6214285714285714}"
unified_session_20250908_141305,11,2,2025-09-08T14:20:03.979103,1757341203.979103,They should be accessible from a different level to mantain privateness and openess at the same time.,unknown,general,text,student,0.085,"{""sentence_position"": 1, ""text_length"": 101, ""has_question"": false, ""word_count"": 17, ""complexity_score"": 0.5}"
unified_session_20250908_141305,11,1,2025-09-08T14:20:04.079103,1757341204.079103,**Synthesis:**,unknown,general,text,agent,0.01,"{""sentence_position"": 0, ""text_length"": 14, ""has_question"": false, ""word_count"": 1, ""complexity_score"": 1.0}"
unified_session_20250908_141305,11,2,2025-09-08T14:20:04.179103,1757341204.179103,"- Insight: Implement a tiered design where each level of the community center has access to its own courtyard, creating distinct zones for different activities or groups.",unknown,general,text,agent,0.22499999999999998,"{""sentence_position"": 1, ""text_length"": 170, ""has_question"": false, ""word_count"": 27, ""complexity_score"": 0.8333333333333333}"
unified_session_20250908_141305,11,3,2025-09-08T14:20:04.279103,1757341204.279103,"This can be achieved by designing a cascading structure where each courtyard is positioned at a slightly different elevation, allowing for both visual and acoustic separation while maintaining a sense of openness.",unknown,general,text,agent,0.214,"{""sentence_position"": 2, ""text_length"": 213, ""has_question"": false, ""word_count"": 32, ""complexity_score"": 0.66875}"
unified_session_20250908_141305,11,4,2025-09-08T14:20:04.379103,1757341204.379103,"This approach provides varying levels of privacy and can cater to different community needs, such as quiet reading areas, interactive play zones, or social gathering spots, all within the same building footprint.",unknown,general,text,agent,0.309,"{""sentence_position"": 3, ""text_length"": 212, ""has_question"": false, ""word_count"": 32, ""complexity_score"": 0.9656250000000001}"
unified_session_20250908_141305,11,5,2025-09-08T14:20:04.479103,1757341204.479103,- Direction: It's great to hear about your concept of using multiple courtyards to balance privacy and openness in your community center design.,unknown,general,text,agent,0.168,"{""sentence_position"": 4, ""text_length"": 144, ""has_question"": false, ""word_count"": 23, ""complexity_score"": 0.7304347826086957}"
unified_session_20250908_141305,11,6,2025-09-08T14:20:04.579103,1757341204.579103,- Watch: Consider how the temporal experience of your community center's courtyards evolves throughout the day and year.,unknown,analysis,text,agent,0.1529,"{""sentence_position"": 5, ""text_length"": 120, ""has_question"": false, ""word_count"": 18, ""complexity_score"": 0.7722222222222221}"
unified_session_20250908_141305,11,7,2025-09-08T14:20:04.679103,1757341204.679103,"How do sunlight, shadows, and seasonal changes influence the perception of privacy and openness.",unknown,analysis,text,agent,0.12210000000000003,"{""sentence_position"": 6, ""text_length"": 96, ""has_question"": false, ""word_count"": 14, ""complexity_score"": 0.7928571428571429}"
unified_session_20250908_141305,11,8,2025-09-08T14:20:04.779103,1757341204.779103,"Design a sequence of courtyard experiences that respond to these temporal shifts, ensuring each level offers a unique interaction with the environment.",unknown,general,text,agent,0.152,"{""sentence_position"": 7, ""text_length"": 151, ""has_question"": false, ""word_count"": 22, ""complexity_score"": 0.6909090909090909}"
unified_session_20250908_141305,11,9,2025-09-08T14:20:04.879103,1757341204.879103,How does this information help you move forward with your design?,unknown,analysis,text,agent,0.060500000000000005,"{""sentence_position"": 8, ""text_length"": 65, ""has_question"": true, ""word_count"": 11, ""complexity_score"": 0.5}"
unified_session_20250908_141305,12,1,2025-09-08T14:22:07.443651,1757341327.443651,interesting vision with the cascade courtyard building.,ideation,synthesis,text,student,0.05879999999999999,"{""sentence_position"": 0, ""text_length"": 55, ""has_question"": false, ""word_count"": 7, ""complexity_score"": 0.7}"
unified_session_20250908_141305,12,2,2025-09-08T14:22:07.543651,1757341327.543651,"We should also consider that the place should run 24 hours, in order to provide spaces for activities for everyone.",ideation,analysis,text,student,0.1276,"{""sentence_position"": 1, ""text_length"": 115, ""has_question"": false, ""word_count"": 20, ""complexity_score"": 0.58}"
unified_session_20250908_141305,12,3,2025-09-08T14:22:07.643651,1757341327.643651,"Like bar, a market, a laundromat, a gym.",ideation,general,text,student,0.057,"{""sentence_position"": 2, ""text_length"": 40, ""has_question"": false, ""word_count"": 8, ""complexity_score"": 0.7125}"
unified_session_20250908_141305,12,4,2025-09-08T14:22:07.943651,1757341327.943651,the service that people need.,ideation,general,text,student,0.025,"{""sentence_position"": 5, ""text_length"": 29, ""has_question"": false, ""word_count"": 5, ""complexity_score"": 0.5}"
unified_session_20250908_141305,12,1,2025-09-08T14:22:07.843651,1757341327.843651,Processing.,ideation,general,text,agent,0.01,"{""sentence_position"": 0, ""text_length"": 11, ""has_question"": false, ""word_count"": 1, ""complexity_score"": 1.0}"
unified_session_20250908_141305,13,1,2025-09-08T14:22:20.039973,1757341340.039973,interesting vision with the cascade courtyard building.,ideation,synthesis,text,student,0.05879999999999999,"{""sentence_position"": 0, ""text_length"": 55, ""has_question"": false, ""word_count"": 7, ""complexity_score"": 0.7}"
unified_session_20250908_141305,13,2,2025-09-08T14:22:20.139973,1757341340.139973,"We should also consider that the place should run 24 hours, in order to provide spaces for activities for everyone.",ideation,analysis,text,student,0.1276,"{""sentence_position"": 1, ""text_length"": 115, ""has_question"": false, ""word_count"": 20, ""complexity_score"": 0.58}"
unified_session_20250908_141305,13,3,2025-09-08T14:22:20.239973,1757341340.239973,"Like bar, a market, a laundromat, a gym.",ideation,general,text,student,0.057,"{""sentence_position"": 2, ""text_length"": 40, ""has_question"": false, ""word_count"": 8, ""complexity_score"": 0.7125}"
unified_session_20250908_141305,13,4,2025-09-08T14:22:20.539973,1757341340.539973,the service that people need.,ideation,general,text,student,0.025,"{""sentence_position"": 5, ""text_length"": 29, ""has_question"": false, ""word_count"": 5, ""complexity_score"": 0.5}"
unified_session_20250908_141305,13,1,2025-09-08T14:22:20.439973,1757341340.439973,"Your idea of a ""cascade courtyard building"" with 24-hour functionality is intriguing, especially when considering the diverse activities you mentioned, such as a bar, market, laundromat, and gym.",ideation,synthesis,text,agent,0.336,"{""sentence_position"": 0, ""text_length"": 195, ""has_question"": false, ""word_count"": 28, ""complexity_score"": 1.0}"
unified_session_20250908_141305,13,2,2025-09-08T14:22:20.539973,1757341340.539973,"This approach not only enhances the accessibility of essential services but also fosters a vibrant, inclusive environment that caters to varied community needs.",ideation,synthesis,text,agent,0.19319999999999996,"{""sentence_position"": 1, ""text_length"": 160, ""has_question"": false, ""word_count"": 23, ""complexity_score"": 0.7}"
unified_session_20250908_141305,13,3,2025-09-08T14:22:20.639973,1757341340.639973,"How might we further explore the specific cultural and social dynamics of the surrounding community to tailor these offerings, ensuring they re",ideation,analysis,text,agent,0.15840000000000004,"{""sentence_position"": 2, ""text_length"": 143, ""has_question"": false, ""word_count"": 22, ""complexity_score"": 0.6545454545454545}"
unified_session_20250908_141305,14,1,2025-09-08T14:22:20.134531,1757341340.134531,interesting vision with the cascade courtyard building.,unknown,general,text,student,0.048999999999999995,"{""sentence_position"": 0, ""text_length"": 55, ""has_question"": false, ""word_count"": 7, ""complexity_score"": 0.7}"
unified_session_20250908_141305,14,2,2025-09-08T14:22:20.234531,1757341340.234531,"We should also consider that the place should run 24 hours, in order to provide spaces for activities for everyone.",unknown,analysis,text,student,0.1276,"{""sentence_position"": 1, ""text_length"": 115, ""has_question"": false, ""word_count"": 20, ""complexity_score"": 0.58}"
unified_session_20250908_141305,14,3,2025-09-08T14:22:20.334531,1757341340.334531,"Like bar, a market, a laundromat, a gym.",unknown,general,text,student,0.057,"{""sentence_position"": 2, ""text_length"": 40, ""has_question"": false, ""word_count"": 8, ""complexity_score"": 0.7125}"
unified_session_20250908_141305,14,4,2025-09-08T14:22:20.634531,1757341340.634531,the service that people need.,unknown,general,text,student,0.025,"{""sentence_position"": 5, ""text_length"": 29, ""has_question"": false, ""word_count"": 5, ""complexity_score"": 0.5}"
unified_session_20250908_141305,14,1,2025-09-08T14:22:20.534531,1757341340.534531,"Your idea of a ""cascade courtyard building"" with 24-hour functionality is intriguing, especially when considering the diverse activities you mentioned, such as a bar, market, laundromat, and gym.",unknown,analysis,text,agent,0.30800000000000005,"{""sentence_position"": 0, ""text_length"": 195, ""has_question"": false, ""word_count"": 28, ""complexity_score"": 1.0}"
unified_session_20250908_141305,14,2,2025-09-08T14:22:20.634531,1757341340.634531,"This approach not only enhances the accessibility of essential services but also fosters a vibrant, inclusive environment that caters to varied community needs.",unknown,general,text,agent,0.16099999999999998,"{""sentence_position"": 1, ""text_length"": 160, ""has_question"": false, ""word_count"": 23, ""complexity_score"": 0.7}"
unified_session_20250908_141305,14,3,2025-09-08T14:22:20.734531,1757341340.734531,"How might we further explore the specific cultural and social dynamics of the surrounding community to tailor these offerings, ensuring they resonate with local values and lifestyles while seamlessly integrating into the existing site?",unknown,analysis,text,agent,0.2596,"{""sentence_position"": 2, ""text_length"": 235, ""has_question"": true, ""word_count"": 34, ""complexity_score"": 0.6941176470588235}"
unified_session_20250908_141305,15,1,2025-09-08T14:23:58.435004,1757341438.435004,"An actual analysis of the need of the community with a survey of age, ethnicity, cultural base.",ideation,general,text,student,0.113,"{""sentence_position"": 0, ""text_length"": 95, ""has_question"": false, ""word_count"": 17, ""complexity_score"": 0.6647058823529413}"
unified_session_20250908_141305,15,2,2025-09-08T14:23:58.535004,1757341438.535004,This not to classify but to understand the needs.,ideation,general,text,student,0.040999999999999995,"{""sentence_position"": 1, ""text_length"": 49, ""has_question"": false, ""word_count"": 9, ""complexity_score"": 0.45555555555555555}"
unified_session_20250908_141305,15,3,2025-09-08T14:23:58.635004,1757341438.635004,There is no correct answer if the question is unclear!,ideation,general,text,student,0.045,"{""sentence_position"": 2, ""text_length"": 54, ""has_question"": false, ""word_count"": 10, ""complexity_score"": 0.45}"
unified_session_20250908_141305,15,1,2025-09-08T14:23:58.735004,1757341438.735004,Processing.,ideation,general,text,agent,0.01,"{""sentence_position"": 0, ""text_length"": 11, ""has_question"": false, ""word_count"": 1, ""complexity_score"": 1.0}"
unified_session_20250908_141305,16,1,2025-09-08T14:24:13.603029,1757341453.603029,"An actual analysis of the need of the community with a survey of age, ethnicity, cultural base.",ideation,general,text,student,0.113,"{""sentence_position"": 0, ""text_length"": 95, ""has_question"": false, ""word_count"": 17, ""complexity_score"": 0.6647058823529413}"
unified_session_20250908_141305,16,2,2025-09-08T14:24:13.703029,1757341453.703029,This not to classify but to understand the needs.,ideation,general,text,student,0.040999999999999995,"{""sentence_position"": 1, ""text_length"": 49, ""has_question"": false, ""word_count"": 9, ""complexity_score"": 0.45555555555555555}"
unified_session_20250908_141305,16,3,2025-09-08T14:24:13.803029,1757341453.803029,There is no correct answer if the question is unclear!,ideation,general,text,student,0.045,"{""sentence_position"": 2, ""text_length"": 54, ""has_question"": false, ""word_count"": 10, ""complexity_score"": 0.45}"
unified_session_20250908_141305,16,1,2025-09-08T14:24:13.903029,1757341453.903029,"Your concern about understanding the community's needs for your community center project is a critical aspect of user-centered design, which is central to the field of **participatory design**.",ideation,general,text,agent,0.19399999999999998,"{""sentence_position"": 0, ""text_length"": 193, ""has_question"": false, ""word_count"": 28, ""complexity_score"": 0.6928571428571428}"
unified_session_20250908_141305,16,2,2025-09-08T14:24:14.003029,1757341454.003029,This approach emphasizes engaging with the community to ensure the space accurately reflects and serves its users' needs.,ideation,synthesis,text,agent,0.12479999999999997,"{""sentence_position"": 1, ""text_length"": 121, ""has_question"": false, ""word_count"": 18, ""complexity_score"": 0.5777777777777777}"
unified_session_20250908_141305,16,3,2025-09-08T14:24:14.103029,1757341454.103029,"Your observation that the question must be clear is insightful because it aligns with the **theory of needs assessment**, which is crucial in developing a responsive design.",ideation,evaluation,text,agent,0.22620000000000004,"{""sentence_position"": 2, ""text_length"": 173, ""has_question"": false, ""word_count"": 27, ""complexity_score"": 0.6444444444444445}"
unified_session_20250908_141305,17,1,2025-09-08T14:24:13.680645,1757341453.680645,"An actual analysis of the need of the community with a survey of age, ethnicity, cultural base.",unknown,general,text,student,0.113,"{""sentence_position"": 0, ""text_length"": 95, ""has_question"": false, ""word_count"": 17, ""complexity_score"": 0.6647058823529413}"
unified_session_20250908_141305,17,2,2025-09-08T14:24:13.780645,1757341453.780645,This not to classify but to understand the needs.,unknown,general,text,student,0.040999999999999995,"{""sentence_position"": 1, ""text_length"": 49, ""has_question"": false, ""word_count"": 9, ""complexity_score"": 0.45555555555555555}"
unified_session_20250908_141305,17,3,2025-09-08T14:24:13.880645,1757341453.880645,There is no correct answer if the question is unclear!,unknown,general,text,student,0.045,"{""sentence_position"": 2, ""text_length"": 54, ""has_question"": false, ""word_count"": 10, ""complexity_score"": 0.45}"
unified_session_20250908_141305,17,1,2025-09-08T14:24:13.980645,1757341453.980645,"Your concern about understanding the community's needs for your community center project is a critical aspect of user-centered design, which is central to the field of **participatory design**.",unknown,general,text,agent,0.19399999999999998,"{""sentence_position"": 0, ""text_length"": 193, ""has_question"": false, ""word_count"": 28, ""complexity_score"": 0.6928571428571428}"
unified_session_20250908_141305,17,2,2025-09-08T14:24:14.080645,1757341454.080645,This approach emphasizes engaging with the community to ensure the space accurately reflects and serves its users' needs.,unknown,general,text,agent,0.10399999999999998,"{""sentence_position"": 1, ""text_length"": 121, ""has_question"": false, ""word_count"": 18, ""complexity_score"": 0.5777777777777777}"
unified_session_20250908_141305,17,3,2025-09-08T14:24:14.180645,1757341454.180645,"Your observation that the question must be clear is insightful because it aligns with the **theory of needs assessment**, which is crucial in developing a responsive design.",unknown,evaluation,text,agent,0.22620000000000004,"{""sentence_position"": 2, ""text_length"": 173, ""has_question"": false, ""word_count"": 27, ""complexity_score"": 0.6444444444444445}"
unified_session_20250908_141305,17,4,2025-09-08T14:24:14.280645,1757341454.280645,Let me break this down through specific architectural frameworks.,unknown,general,text,agent,0.056999999999999995,"{""sentence_position"": 3, ""text_length"": 65, ""has_question"": false, ""word_count"": 9, ""complexity_score"": 0.6333333333333333}"
unified_session_20250908_141305,17,5,2025-09-08T14:24:14.380645,1757341454.380645,"First, consider the concept of **inclusive design**, which is rooted in creating spaces that accommodate a diverse range of users.",unknown,analysis,text,agent,0.16609999999999997,"{""sentence_position"": 4, ""text_length"": 130, ""has_question"": false, ""word_count"": 20, ""complexity_score"": 0.7549999999999999}"
unified_session_20250908_141305,17,6,2025-09-08T14:24:14.480645,1757341454.480645,This strategy is about understanding the demographic and cultural diversity within the community without resorting to over-generalization.,unknown,general,text,agent,0.122,"{""sentence_position"": 5, ""text_length"": 138, ""has_question"": false, ""word_count"": 17, ""complexity_score"": 0.7176470588235294}"
unified_session_20250908_141305,17,7,2025-09-08T14:24:14.580645,1757341454.580645,"An example of this in practice is the work of architect Alejandro Aravena, who engages deeply with community input to develop housing projects that reflect the needs and aspirations of the inhabitants.",unknown,general,text,agent,0.20199999999999999,"{""sentence_position"": 6, ""text_length"": 201, ""has_question"": false, ""word_count"": 32, ""complexity_score"": 0.63125}"
unified_session_20250908_141305,17,8,2025-09-08T14:24:14.680645,1757341454.680645,"Second, the approach of **contextual analysis** addresses the importance of gathering data through surveys and community engagement sessions.",unknown,general,text,agent,0.142,"{""sentence_position"": 7, ""text_length"": 141, ""has_question"": false, ""word_count"": 18, ""complexity_score"": 0.7888888888888889}"
unified_session_20250908_141305,17,9,2025-09-08T14:24:14.780645,1757341454.780645,"This involves not only understanding demographic statistics but also capturing qualitative insights into how people live, work, and gather.",unknown,analysis,text,agent,0.1749,"{""sentence_position"": 8, ""text_length"": 139, ""has_question"": false, ""word_count"": 19, ""complexity_score"": 0.8368421052631578}"
unified_session_20250908_141305,17,10,2025-09-08T14:24:14.880645,1757341454.880645,"For your community center, this means designing spaces that can adapt to various activities and cultural events, ensuring flexibility in the structural layout and utility systems.",unknown,general,text,agent,0.20600000000000002,"{""sentence_position"": 9, ""text_length"": 179, ""has_question"": false, ""word_count"": 26, ""complexity_score"": 0.7923076923076924}"
unified_session_20250908_141305,17,11,2025-09-08T14:24:14.980645,1757341454.980645,"This might involve incorporating adaptable lighting systems, movable partitions, and acoustically versatile materials to cater to different events and gatherings.",unknown,general,text,agent,0.183,"{""sentence_position"": 10, ""text_length"": 162, ""has_question"": false, ""word_count"": 20, ""complexity_score"": 0.915}"
unified_session_20250908_141305,17,12,2025-09-08T14:24:15.080645,1757341455.080645,"In applying these concepts to your project, consider how the existing structural systems of your site can support flexible programming that meets diverse community needs.",unknown,analysis,text,agent,0.1881,"{""sentence_position"": 11, ""text_length"": 170, ""has_question"": false, ""word_count"": 25, ""complexity_score"": 0.6839999999999999}"
unified_session_20250908_141305,17,13,2025-09-08T14:24:15.180645,1757341455.180645,Look at how spatial qualities such as natural light and circulation patterns can be optimized to enhance the user experience.,unknown,analysis,text,agent,0.11660000000000002,"{""sentence_position"": 12, ""text_length"": 125, ""has_question"": false, ""word_count"": 20, ""complexity_score"": 0.53}"
unified_session_20250908_141305,17,14,2025-09-08T14:24:15.280645,1757341455.280645,What methods might you use to engage the community in a meaningful dialogue about their needs?,unknown,general,text,agent,0.079,"{""sentence_position"": 13, ""text_length"": 94, ""has_question"": true, ""word_count"": 16, ""complexity_score"": 0.49375}"
unified_session_20250908_141305,17,15,2025-09-08T14:24:15.380645,1757341455.380645,"How can you ensure that your survey questions are open-ended enough to capture a wide range of responses, yet focused enough to yield actionable insights?",unknown,analysis,text,agent,0.1705,"{""sentence_position"": 14, ""text_length"": 154, ""has_question"": true, ""word_count"": 25, ""complexity_score"": 0.62}"
unified_session_20250908_141305,18,1,2025-09-08T14:26:27.585393,1757341587.585393,First we need to get close to the mun icipality to understand the need of a broader area.,ideation,general,text,student,0.07200000000000001,"{""sentence_position"": 0, ""text_length"": 89, ""has_question"": false, ""word_count"": 18, ""complexity_score"": 0.4}"
unified_session_20250908_141305,18,2,2025-09-08T14:26:27.685393,1757341587.685393,Second run some partecipatory events involving the citizen that are interested in having a new space where live their free time.,ideation,general,text,student,0.10800000000000001,"{""sentence_position"": 1, ""text_length"": 128, ""has_question"": false, ""word_count"": 21, ""complexity_score"": 0.5142857142857143}"
unified_session_20250908_141305,18,1,2025-09-08T14:26:27.785393,1757341587.785393,Processing.,ideation,general,text,agent,0.01,"{""sentence_position"": 0, ""text_length"": 11, ""has_question"": false, ""word_count"": 1, ""complexity_score"": 1.0}"
unified_session_20250908_141305,19,1,2025-09-08T14:26:36.024046,1757341596.024046,First we need to get close to the mun icipality to understand the need of a broader area.,ideation,general,text,student,0.07200000000000001,"{""sentence_position"": 0, ""text_length"": 89, ""has_question"": false, ""word_count"": 18, ""complexity_score"": 0.4}"
unified_session_20250908_141305,19,2,2025-09-08T14:26:36.124046,1757341596.124046,Second run some partecipatory events involving the citizen that are interested in having a new space where live their free time.,ideation,general,text,student,0.10800000000000001,"{""sentence_position"": 1, ""text_length"": 128, ""has_question"": false, ""word_count"": 21, ""complexity_score"": 0.5142857142857143}"
unified_session_20250908_141305,19,1,2025-09-08T14:26:36.224046,1757341596.224046,Your approach to engaging with the municipality and organizing participatory events is a strong foundation for understanding the community's needs.,ideation,synthesis,text,agent,0.1536,"{""sentence_position"": 0, ""text_length"": 147, ""has_question"": false, ""word_count"": 20, ""complexity_score"": 0.64}"
unified_session_20250908_141305,19,2,2025-09-08T14:26:36.324046,1757341596.324046,"By getting close to the municipality, you're ensuring that the broader area's requirements are considered, and involving citizens will provide insights into how they envision using their free time in the community center.",ideation,synthesis,text,agent,0.306,"{""sentence_position"": 1, ""text_length"": 221, ""has_question"": false, ""word_count"": 33, ""complexity_score"": 0.7727272727272727}"
unified_session_20250908_141305,19,3,2025-09-08T14:26:36.424046,1757341596.424046,"As you move forward in the ideation phase, consider how these interactions might uncover diverse needs and how the unique characte",ideation,synthesis,text,agent,0.1572,"{""sentence_position"": 2, ""text_length"": 130, ""has_question"": false, ""word_count"": 21, ""complexity_score"": 0.6238095238095238}"
unified_session_20250908_141305,20,1,2025-09-08T14:26:36.108183,1757341596.108183,First we need to get close to the mun icipality to understand the need of a broader area.,unknown,general,text,student,0.07200000000000001,"{""sentence_position"": 0, ""text_length"": 89, ""has_question"": false, ""word_count"": 18, ""complexity_score"": 0.4}"
unified_session_20250908_141305,20,2,2025-09-08T14:26:36.208183,1757341596.208183,Second run some partecipatory events involving the citizen that are interested in having a new space where live their free time.,unknown,general,text,student,0.10800000000000001,"{""sentence_position"": 1, ""text_length"": 128, ""has_question"": false, ""word_count"": 21, ""complexity_score"": 0.5142857142857143}"
unified_session_20250908_141305,20,1,2025-09-08T14:26:36.308183,1757341596.308183,Your approach to engaging with the municipality and organizing participatory events is a strong foundation for understanding the community's needs.,unknown,general,text,agent,0.128,"{""sentence_position"": 0, ""text_length"": 147, ""has_question"": false, ""word_count"": 20, ""complexity_score"": 0.64}"
unified_session_20250908_141305,20,2,2025-09-08T14:26:36.408183,1757341596.408183,"By getting close to the municipality, you're ensuring that the broader area's requirements are considered, and involving citizens will provide insights into how they envision using their free time in the community center.",unknown,analysis,text,agent,0.2805,"{""sentence_position"": 1, ""text_length"": 221, ""has_question"": false, ""word_count"": 33, ""complexity_score"": 0.7727272727272727}"
unified_session_20250908_141305,20,3,2025-09-08T14:26:36.508183,1757341596.508183,"As you move forward in the ideation phase, consider how these interactions might uncover diverse needs and how the unique characteristics of your site can be leveraged to design a space that accommodates various activities and age groups, ensuring inclusivity and vibrancy for all users.",unknown,analysis,text,agent,0.3663,"{""sentence_position"": 2, ""text_length"": 287, ""has_question"": false, ""word_count"": 45, ""complexity_score"": 0.74}"
unified_session_20250908_141305,20,4,2025-09-08T14:26:36.608183,1757341596.608183,What assumptions are you making about how this community gathers and interacts?,unknown,analysis,text,agent,0.0748,"{""sentence_position"": 3, ""text_length"": 79, ""has_question"": true, ""word_count"": 12, ""complexity_score"": 0.5666666666666667}"
unified_session_20250908_141305,21,1,2025-09-08T14:28:42.478934,1757341722.478934,i assume that people usually like to stay together in nice and engaging space.,ideation,general,text,student,0.065,"{""sentence_position"": 0, ""text_length"": 78, ""has_question"": false, ""word_count"": 14, ""complexity_score"": 0.4642857142857143}"
unified_session_20250908_141305,21,2,2025-09-08T14:28:42.578934,1757341722.578934,"In order to make a space interesting is important to me the ""section strategy"" working with different levels and let the user discover the building step by step, like in a promenade architectoral of emotion.",ideation,synthesis,text,student,0.24960000000000002,"{""sentence_position"": 1, ""text_length"": 207, ""has_question"": false, ""word_count"": 35, ""complexity_score"": 0.5942857142857143}"
unified_session_20250908_141305,21,3,2025-09-08T14:28:42.678934,1757341722.678934,"then light and biophilic design, natural material are a plus.",ideation,general,text,student,0.062,"{""sentence_position"": 2, ""text_length"": 61, ""has_question"": false, ""word_count"": 10, ""complexity_score"": 0.62}"
unified_session_20250908_141305,21,4,2025-09-08T14:28:42.778934,1757341722.778934,I always fell the contrast between nature and technology being very stimulating.,ideation,general,text,student,0.06899999999999999,"{""sentence_position"": 3, ""text_length"": 80, ""has_question"": false, ""word_count"": 12, ""complexity_score"": 0.575}"
unified_session_20250908_141305,21,1,2025-09-08T14:28:42.878934,1757341722.878934,Processing.,ideation,general,text,agent,0.01,"{""sentence_position"": 0, ""text_length"": 11, ""has_question"": false, ""word_count"": 1, ""complexity_score"": 1.0}"
unified_session_20250908_141305,22,1,2025-09-08T14:28:49.345426,1757341729.345426,i assume that people usually like to stay together in nice and engaging space.,ideation,general,text,student,0.065,"{""sentence_position"": 0, ""text_length"": 78, ""has_question"": false, ""word_count"": 14, ""complexity_score"": 0.4642857142857143}"
unified_session_20250908_141305,22,2,2025-09-08T14:28:49.445426,1757341729.445426,"In order to make a space interesting is important to me the ""section strategy"" working with different levels and let the user discover the building step by step, like in a promenade architectoral of emotion.",ideation,synthesis,text,student,0.24960000000000002,"{""sentence_position"": 1, ""text_length"": 207, ""has_question"": false, ""word_count"": 35, ""complexity_score"": 0.5942857142857143}"
unified_session_20250908_141305,22,3,2025-09-08T14:28:49.545426,1757341729.545426,"then light and biophilic design, natural material are a plus.",ideation,general,text,student,0.062,"{""sentence_position"": 2, ""text_length"": 61, ""has_question"": false, ""word_count"": 10, ""complexity_score"": 0.62}"
unified_session_20250908_141305,22,4,2025-09-08T14:28:49.645426,1757341729.645426,I always fell the contrast between nature and technology being very stimulating.,ideation,general,text,student,0.06899999999999999,"{""sentence_position"": 3, ""text_length"": 80, ""has_question"": false, ""word_count"": 12, ""complexity_score"": 0.575}"
unified_session_20250908_141305,22,1,2025-09-08T14:28:49.745426,1757341729.745426,"Your emphasis on creating engaging spaces through a ""section strategy"" and the idea of a ""promenade architectural of emotion"" beautifully aligns with the dynamic experiences a community center should offer.",ideation,synthesis,text,agent,0.2124,"{""sentence_position"": 0, ""text_length"": 206, ""has_question"": false, ""word_count"": 30, ""complexity_score"": 0.5900000000000001}"
unified_session_20250908_141305,22,2,2025-09-08T14:28:49.845426,1757341729.845426,"By integrating biophilic design and natural materials, you're tapping into a sensory connection with the environment that can enhance communal interactions.",ideation,general,text,agent,0.157,"{""sentence_position"": 1, ""text_length"": 156, ""has_question"": false, ""word_count"": 21, ""complexity_score"": 0.7476190476190476}"
unified_session_20250908_141305,22,3,2025-09-08T14:28:49.945426,1757341729.945426,"As you think about how your design will serve the local community, consider how these contrasting elements of nature and technology can",ideation,analysis,text,agent,0.1496,"{""sentence_position"": 2, ""text_length"": 135, ""has_question"": false, ""word_count"": 22, ""complexity_score"": 0.6181818181818182}"
unified_session_20250908_141305,23,1,2025-09-08T14:28:49.450161,1757341729.450161,i assume that people usually like to stay together in nice and engaging space.,unknown,general,text,student,0.065,"{""sentence_position"": 0, ""text_length"": 78, ""has_question"": false, ""word_count"": 14, ""complexity_score"": 0.4642857142857143}"
unified_session_20250908_141305,23,2,2025-09-08T14:28:49.550161,1757341729.550161,"In order to make a space interesting is important to me the ""section strategy"" working with different levels and let the user discover the building step by step, like in a promenade architectoral of emotion.",unknown,general,text,student,0.20800000000000002,"{""sentence_position"": 1, ""text_length"": 207, ""has_question"": false, ""word_count"": 35, ""complexity_score"": 0.5942857142857143}"
unified_session_20250908_141305,23,3,2025-09-08T14:28:49.650161,1757341729.650161,"then light and biophilic design, natural material are a plus.",unknown,general,text,student,0.062,"{""sentence_position"": 2, ""text_length"": 61, ""has_question"": false, ""word_count"": 10, ""complexity_score"": 0.62}"
unified_session_20250908_141305,23,4,2025-09-08T14:28:49.750161,1757341729.750161,I always fell the contrast between nature and technology being very stimulating.,unknown,general,text,student,0.06899999999999999,"{""sentence_position"": 3, ""text_length"": 80, ""has_question"": false, ""word_count"": 12, ""complexity_score"": 0.575}"
unified_session_20250908_141305,23,1,2025-09-08T14:28:49.850161,1757341729.850161,"Your emphasis on creating engaging spaces through a ""section strategy"" and the idea of a ""promenade architectural of emotion"" beautifully aligns with the dynamic experiences a community center should offer.",unknown,general,text,agent,0.17700000000000002,"{""sentence_position"": 0, ""text_length"": 206, ""has_question"": false, ""word_count"": 30, ""complexity_score"": 0.5900000000000001}"
unified_session_20250908_141305,23,2,2025-09-08T14:28:49.950161,1757341729.950161,"By integrating biophilic design and natural materials, you're tapping into a sensory connection with the environment that can enhance communal interactions.",unknown,general,text,agent,0.157,"{""sentence_position"": 1, ""text_length"": 156, ""has_question"": false, ""word_count"": 21, ""complexity_score"": 0.7476190476190476}"
unified_session_20250908_141305,23,3,2025-09-08T14:28:50.050161,1757341730.050161,"As you think about how your design will serve the local community, consider how these contrasting elements of nature and technology can be tailored to reflect and celebrate the unique cultural and social characteristics of the users, creating a space that evolves with them.",unknown,analysis,text,agent,0.3509000000000001,"{""sentence_position"": 2, ""text_length"": 274, ""has_question"": false, ""word_count"": 44, ""complexity_score"": 0.7250000000000001}"
unified_session_20250908_141305,23,4,2025-09-08T14:28:50.150161,1757341730.150161,What assumptions are you making about how this community gathers and interacts?,unknown,analysis,text,agent,0.0748,"{""sentence_position"": 3, ""text_length"": 79, ""has_question"": true, ""word_count"": 12, ""complexity_score"": 0.5666666666666667}"
