move_id,session_id,timestamp,sequence_number,content,move_type,phase,modality,cognitive_operation,design_focus,move_source,cognitive_load,previous_move_id,tool_used,interaction_trigger,semantic_links,temporal_links,conceptual_distance,ai_influence_strength,self_generation_strength,directness_level,pause_duration,revision_count,complexity_score,uncertainty_markers
ad8004d4-7a8a-463b-a9eb-1ee3dc62c56c,0bb1d410-484f-4f9d-bd16-851fa8ef9306,2025-08-06T14:31:52.219710,1,What are the key considerations for community center design?,analysis,IDEATION,text,proposal,culture,user_generated,low,,,,[],[],0.0,,1.0,,0.0,0,0.43999999999999995,0
21bc1c8f-3266-400d-96f0-f4922b7adf38,0bb1d410-484f-4f9d-bd16-851fa8ef9306,2025-08-06T14:31:52.280609,2,"Designing a community center, especially within the framework of repurposing a former industrial warehouse, presents a unique set of challenges and opportunities.",analysis,IDEATION,text,proposal,function,ai_provided,low,,,,[],[],0.0,0.9,1.0,direct_answer,0.0,0,0.6936742424242424,0
79937b7d-e6d5-4171-bb04-57a9a8468520,0bb1d410-484f-4f9d-bd16-851fa8ef9306,2025-08-06T14:31:52.280609,3,"To ensure the success of such a project, it’s crucial to address several key considerations that span architectural, social, environmental, and practical domains.",analysis,IDEATION,text,proposal,environment,ai_provided,low,,,,[],[],0.0,0.9,1.0,direct_answer,0.0,0,0.6872463768115942,0
5851c64b-454f-4fbb-b882-c711835a17cc,0bb1d410-484f-4f9d-bd16-851fa8ef9306,2025-08-06T14:31:52.280609,4,"**Community Needs and Inclusivity**
- **Assessment of Needs:** Engage with the local community through surveys, workshops, and public meetings to understand their needs, preferences, and the types of activities they would like the center to accommodate (e.g., sports, education, arts).
- **Inclusivity and Accessibility:**",analysis,IDEATION,text,assessment,function,ai_provided,low,,,,[],[],0.0,0.9,1.0,direct_answer,0.0,0,0.7483901515151514,0
c55cb5f7-932d-4322-9d26-d1c67d50c2f2,0bb1d410-484f-4f9d-bd16-851fa8ef9306,2025-08-06T14:31:52.280609,5,"Ensure the design is inclusive and accessible to all community members, including those with disabilities.",analysis,IDEATION,text,proposal,culture,ai_provided,low,,,,[],[],0.0,0.9,1.0,direct_answer,0.0,0,0.5933333333333334,0
5039312b-469e-4cc9-8822-8edf6e135dda,0bb1d410-484f-4f9d-bd16-851fa8ef9306,2025-08-06T14:31:52.280609,6,"**Adaptive Reuse and Sustainability**
- **Structural Assessment:** Evaluate the existing warehouse structure to determine what can be preserved, what needs to be strengthened, and how to best integrate new and old elements.
- **Sustainability:**",evaluation,IDEATION,text,assessment,function,ai_provided,low,,,,[],[],0.0,0.9,1.0,direct_answer,0.0,0,0.7495098039215686,0
9804cb45-68d8-44ba-9109-056291486eb1,0bb1d410-484f-4f9d-bd16-851fa8ef9306,2025-08-06T14:31:52.280609,7,"Retain as much of the original materials and structure as possible to reduce the environmental impact.

### 3. *",analysis,IDEATION,text,proposal,structure,ai_provided,low,,,,[],[],0.0,0.9,1.0,direct_answer,0.0,0,0.5033771929824561,0
4c67214f-92b3-4adc-b326-d1519b9d491d,0bb1d410-484f-4f9d-bd16-851fa8ef9306,2025-08-06T14:31:52.280609,8,"*Flexibility and Multipurpose Spaces**
- **Modular Design:**",analysis,IDEATION,text,proposal,function,ai_provided,low,,,,[],[],0.0,0.9,1.0,direct_answer,0.0,0,0.5688095238095238,0
4465232b-4728-4205-84c0-9651725fba40,0bb1d410-484f-4f9d-bd16-851fa8ef9306,2025-08-06T14:31:52.280609,9,"Incorporate flexible, multipurpose spaces that can be adapted for various activities (e.g., movable walls to adjust room sizes for meetings, workshops, or events).
- **Outdoor Integration:**",transformation,IDEATION,text,proposal,function,ai_provided,low,,,,[],[],0.0,0.9,1.0,direct_answer,0.0,0,0.7236217948717949,0
2d243ff0-3186-46fc-8888-0b00ad4fc716,0bb1d410-484f-4f9d-bd16-851fa8ef9306,2025-08-06T14:31:52.280609,10,"Outdoor areas can be used for community gardens, open-air performances, and recreational activities.

### 4.",analysis,IDEATION,text,proposal,function,ai_provided,low,,,,[],[],0.0,0.9,1.0,direct_answer,0.0,0,0.6091666666666666,0
e42adfe3-7a5f-4a20-b39a-74ae79dd25bf,0bb1d410-484f-4f9d-bd16-851fa8ef9306,2025-08-06T14:31:52.280609,11,"**Cultural and Historical Preservation**
- **Preserving Character:** Retain and highlight architectural features of the warehouse that reflect its industrial heritage, such as exposed brick walls, large windows, and steel beams.
- **Local Culture:**",reflection,IDEATION,text,proposal,culture,ai_provided,low,,,,[],[],0.0,0.9,1.0,direct_answer,0.0,0,0.7768939393939394,0
3abd93f3-3101-4d1a-854d-7ee55778a521,0bb1d410-484f-4f9d-bd16-851fa8ef9306,2025-08-06T14:31:52.280609,12,"Incorporate elements of local art, history, and culture into the design.",synthesis,IDEATION,text,proposal,material,ai_provided,low,,,,[],[],0.0,0.9,1.0,direct_answer,0.0,0,0.5456060606060605,0
27bd801d-f6b9-4269-9076-cf44ea5d46e8,0bb1d410-484f-4f9d-bd16-851fa8ef9306,2025-08-06T14:32:30.703570,13,Show me examples of successful community centers,analysis,IDEATION,text,reference,culture,user_generated,low,,,,[],[],0.0,,1.0,,0.0,0,0.4759523809523809,0
9f48b91f-a527-4b5c-ae0d-057e47b87f77,0bb1d410-484f-4f9d-bd16-851fa8ef9306,2025-08-06T14:32:30.758895,14,"Transforming a former industrial warehouse into a community center is a fantastic opportunity to breathe new life into an old space, creating a vibrant hub for local activities and engagements.",transformation,IDEATION,text,proposal,function,ai_provided,low,,,,[],[],0.0,0.9,1.0,direct_answer,0.0,0,0.7116666666666667,0
57499c40-9f53-4317-8298-4e5c763c09a1,0bb1d410-484f-4f9d-bd16-851fa8ef9306,2025-08-06T14:32:30.758895,15,"Such projects often emphasize sustainability, historical preservation, and adaptive reuse, turning them into exemplary models of innovative architecture and community development.",transformation,IDEATION,text,proposal,function,ai_provided,low,,,,[],[],0.0,0.9,1.0,direct_answer,0.0,0,0.741547619047619,0
70e07fca-7c29-4c9f-97f5-65c04b824247,0bb1d410-484f-4f9d-bd16-851fa8ef9306,2025-08-06T14:32:30.758895,16,"**The Plant, Chicago, USA**
- **Concept**: The Plant is a former meatpacking facility in Chicago's Back of the Yards neighborhood, converted into a food business incubator and community hub.",transformation,IDEATION,text,proposal,form,ai_provided,low,,,,[],[],0.0,0.9,1.0,direct_answer,0.0,0,0.7017816091954022,0
63ef7281-850c-4369-81cf-41c63a7b0dd4,0bb1d410-484f-4f9d-bd16-851fa8ef9306,2025-08-06T14:32:30.758895,17,"The focus is on closed-loop food production and sustainability, with an emphasis on zero waste.",analysis,IDEATION,text,proposal,environment,ai_provided,low,,,,[],[],0.0,0.9,1.0,direct_answer,0.0,0,0.5391666666666667,0
c78b8c74-6f05-4f0c-ad4c-aa25e239a6ea,0bb1d410-484f-4f9d-bd16-851fa8ef9306,2025-08-06T14:32:30.758895,18,"It includes shared kitchens for food entrepreneurs, an indoor farm, and spaces for community events.",analysis,IDEATION,text,proposal,culture,ai_provided,low,,,,[],[],0.0,0.9,1.0,direct_answer,0.0,0,0.565,0
3bf7ed5b-8997-44ac-9949-4c9069c935cc,0bb1d410-484f-4f9d-bd16-851fa8ef9306,2025-08-06T14:32:30.758895,19,"Its design promotes energy efficiency and sustainability, integrating systems like an anaerobic digester for waste processing.

### 2.",analysis,IDEATION,text,proposal,structure,ai_provided,low,,,,[],[],0.0,0.9,1.0,direct_answer,0.0,0,0.6438888888888888,0
164af181-d6c1-4848-8e24-96d1d074bc48,0bb1d410-484f-4f9d-bd16-851fa8ef9306,2025-08-06T14:32:30.758895,20,"**Bamboo Sports Hall for Panyaden International School, Chiang Mai, Thailand**
- **Concept**: Although not a conversion project, the Bamboo Sports Hall demonstrates innovative use of materials and design for community-oriented spaces.",analysis,IDEATION,text,proposal,function,ai_provided,low,,,,[],[],0.0,0.9,1.0,direct_answer,0.0,0,0.7704301075268817,0
c03bc481-7e92-4697-a7d5-fb7d46f76758,0bb1d410-484f-4f9d-bd16-851fa8ef9306,2025-08-06T14:32:30.758895,21,"It serves as a multifunctional gymnasium for sports events, assemblies, and other community gatherings.
- **Design Features**: The structure is made almost entirely from bamboo, showcasing flexibility in design and sustainability.",analysis,IDEATION,text,proposal,function,ai_provided,low,,,,[],[],0.0,0.9,1.0,direct_answer,0.0,0,0.7655913978494623,0
870e432a-c389-4e85-9395-c7081cfc938d,0bb1d410-484f-4f9d-bd16-851fa8ef9306,2025-08-06T14:32:30.758895,22,"Its natural ventilation and insulation strategies are perfectly adapted to the local climate, reducing the need for artificial cooling.

### 3.",transformation,IDEATION,text,proposal,environment,ai_provided,low,,,,[],[],0.0,0.9,1.0,direct_answer,0.0,0,0.6564285714285714,0
a2e8cc12-c979-4e78-b26c-2f8682cc8c8e,0bb1d410-484f-4f9d-bd16-851fa8ef9306,2025-08-06T14:32:30.758895,23,"**The Watermill Center, Water Mill, New York, USA**
- **Concept**: A laboratory for the arts and humanities, The Watermill Center is a unique space that fosters creativity through its residency programs, workshops, and community events.",analysis,IDEATION,text,proposal,function,ai_provided,low,,,,[],[],0.0,0.9,1.0,direct_answer,0.0,0,0.7297619047619048,0
c8a040b6-087a-43d1-9347-1b6c6d7332fe,0bb1d410-484f-4f9d-bd16-851fa8ef9306,2025-08-06T14:32:30.758895,24,It effectively combines historical elements with contemporary design.,synthesis,IDEATION,text,proposal,material,ai_provided,low,,,,[],[],0.0,0.9,1.0,direct_answer,0.0,0,0.5872916666666667,0
732fc4d6-ed02-4986-9680-21a9795c0172,0bb1d410-484f-4f9d-bd16-851fa8ef9306,2025-08-06T14:32:30.758895,25,"- **Design Features**: The center integrates performance spaces, an extensive art library, workshops, and artist residences.",synthesis,IDEATION,text,proposal,function,ai_provided,low,,,,[],[],0.0,0.9,1.0,direct_answer,0.0,0,0.6613020833333333,0
eddd5600-9659-48aa-bcad-d17801267315,0bb1d410-484f-4f9d-bd16-851fa8ef9306,2025-08-06T14:32:30.758895,26,"Its design respects the existing architecture while incorporating modern elements that encourage interaction and inspiration.

### 4.",analysis,IDEATION,text,proposal,material,ai_provided,low,,,,[],[],0.0,0.9,1.0,direct_answer,0.0,0,0.6533333333333333,0
7f106b34-51bb-4a65-a538-62b3c44a1e71,0bb1d410-484f-4f9d-bd16-851fa8ef9306,2025-08-06T14:32:30.758895,27,"**Kraftwerk, Zurich, Switzerland**
- **Concept**: A former power station turned innovation space, Kraftwerk offers a co-working environment, event venues, and public cafés.",analysis,IDEATION,text,proposal,function,ai_provided,low,,,,[],[],0.0,0.9,1.0,direct_answer,0.0,0,0.7016287878787878,0
4af537e4-7a98-459f-8b1f-b9c7b12e3208,0bb1d410-484f-4f9d-bd16-851fa8ef9306,2025-08-06T14:32:30.758895,28,"- **Design Features**: Retaining the industrial aesthetic, the space utilizes raw concrete, steel structures, and large open areas to create a versatile environment.",synthesis,IDEATION,text,proposal,form,ai_provided,low,,,,[],[],0.0,0.9,1.0,direct_answer,0.0,0,0.6834420289855072,0
bd3ada88-21dc-4777-86f8-91a3fcc3a8a8,0bb1d410-484f-4f9d-bd16-851fa8ef9306,2025-08-06T14:33:00.852889,29,How should I organize the spatial program?,reflection,IDEATION,text,proposal,function,user_generated,low,,,,[],[],0.0,,1.0,,0.0,0,0.4152380952380952,0
29127971-d56a-4695-bd0b-52c3dcae1d85,0bb1d410-484f-4f9d-bd16-851fa8ef9306,2025-08-06T14:33:00.902513,30,Organizing the spatial program for a community center in a former industrial warehouse offers a unique opportunity to blend the building's historical industrial character with the functional needs of a modern community space.,synthesis,IDEATION,text,proposal,function,ai_provided,low,,,,[],[],0.0,0.9,1.0,direct_answer,0.0,0,0.6647727272727273,0
c72b69a1-3821-4b4c-8375-c530c68e5d98,0bb1d410-484f-4f9d-bd16-851fa8ef9306,2025-08-06T14:33:00.902513,31,"The key is to create a layout that is flexible, accessible, and responsive to the community's needs.",synthesis,IDEATION,text,proposal,culture,ai_provided,low,,,,[],[],0.0,0.9,1.0,direct_answer,0.0,0,0.5356862745098039,0
9a7997f9-915c-4260-832c-767cf3f10e64,0bb1d410-484f-4f9d-bd16-851fa8ef9306,2025-08-06T14:33:00.902513,32,"**Understand the Community Needs**

Before diving into the spatial organization, engage with the community to understand their needs, preferences, and activities they envision in the center.",analysis,IDEATION,text,reference,culture,ai_provided,low,,,,[],[],0.0,0.9,1.0,direct_answer,0.0,0,0.7144871794871794,0
9dc26d06-aa4e-4415-b426-8c05e3bad82c,0bb1d410-484f-4f9d-bd16-851fa8ef9306,2025-08-06T14:33:00.902513,33,"This could range from sports facilities, arts and crafts areas, meeting rooms, event spaces, to educational workshops.",analysis,IDEATION,text,proposal,function,ai_provided,low,,,,[],[],0.0,0.9,1.0,direct_answer,0.0,0,0.587156862745098,1
2671d229-aded-40f6-981d-9c8a6fd12ce6,0bb1d410-484f-4f9d-bd16-851fa8ef9306,2025-08-06T14:33:00.902513,34,"For instance, the main hall, café, and exhibition spaces could be more accessible to the public, while workshops, studios, and office spaces might require controlled access.
- **Activity Zones:**",analysis,IDEATION,text,proposal,function,ai_provided,low,,,,[],[],0.0,0.9,1.0,direct_answer,0.0,0,0.7818103448275862,2
69042b25-c39d-45af-a6e1-a7e4c7a3abe8,0bb1d410-484f-4f9d-bd16-851fa8ef9306,2025-08-06T14:33:00.902513,35,"For example, place quieter activities like reading rooms or study areas away from louder, active zones such as sports courts or children's play areas.",analysis,IDEATION,text,reference,function,ai_provided,low,,,,[],[],0.0,0.9,1.0,direct_answer,0.0,0,0.6217708333333334,0
3dd63fde-fe7a-4cf8-8328-dc17866607f6,0bb1d410-484f-4f9d-bd16-851fa8ef9306,2025-08-06T14:33:00.902513,36,"*Flexibility and Multipurpose Areas**

Embrace the industrial warehouse's open spaces by incorporating flexible, multipurpose areas.",analysis,IDEATION,text,proposal,function,ai_provided,low,,,,[],[],0.0,0.9,1.0,direct_answer,0.0,0,0.6958333333333333,0
2a758af7-3b02-4e4e-b63f-89d34c7a5d5e,0bb1d410-484f-4f9d-bd16-851fa8ef9306,2025-08-06T14:33:00.902513,37,"Use movable partitions, foldable walls, or curtains to transform spaces according to different needs, such as workshops, classes, events, or exhibitions.",transformation,IDEATION,text,proposal,function,ai_provided,low,,,,[],[],0.0,0.9,1.0,direct_answer,0.0,0,0.6855952380952381,0
b9836448-cac1-40e1-be83-420345b884be,0bb1d410-484f-4f9d-bd16-851fa8ef9306,2025-08-06T14:33:00.902513,38,"This adaptability will allow the community center to host a wide range of activities simultaneously or adapt to future needs.

### 4.",transformation,IDEATION,text,proposal,culture,ai_provided,low,,,,[],[],0.0,0.9,1.0,direct_answer,0.0,0,0.5122348484848485,0
e199c7b5-24c1-4059-8a8d-41bf7ead0914,0bb1d410-484f-4f9d-bd16-851fa8ef9306,2025-08-06T14:33:00.902513,39,"**Preserve Architectural Features**

Incorporate the warehouse's original features into your design.",synthesis,IDEATION,text,proposal,function,ai_provided,low,,,,[],[],0.0,0.9,1.0,direct_answer,0.0,0,0.6221212121212121,0
d6a70fdd-1137-449e-bd53-3c736212dd38,0bb1d410-484f-4f9d-bd16-851fa8ef9306,2025-08-06T14:33:00.902513,40,"Exposed brick, large windows, high ceilings, and steel beams can all be highlighted to preserve the building's character while enhancing the community center's aesthetic appeal.",synthesis,IDEATION,text,proposal,form,ai_provided,low,,,,[],[],0.0,0.9,1.0,direct_answer,0.0,0,0.7755000000000001,0
275d9c31-3bf9-4240-968b-f8b9be2a035d,0bb1d410-484f-4f9d-bd16-851fa8ef9306,2025-08-06T14:33:00.902513,41,"**Sustainability and Comfort**

- **Natural Light and Ventilation:**",analysis,IDEATION,text,proposal,environment,ai_provided,low,,,,[],[],0.0,0.9,1.0,direct_answer,0.0,0,0.5279166666666667,0
9bc3f461-edba-4298-a25e-cee7deaaa0f4,0bb1d410-484f-4f9d-bd16-851fa8ef9306,2025-08-06T14:33:00.902513,42,"Ensure proper ventilation, especially important in a repurposed industrial space, to maintain air quality.
- **Thermal Comfort:** Install insulation as needed to maintain thermal comfort.",analysis,IDEATION,text,proposal,function,ai_provided,low,,,,[],[],0.0,0.9,1.0,direct_answer,0.0,0,0.7398333333333332,0
e0180ed1-a7d2-41cc-8fc0-f24b1d88a502,0bb1d410-484f-4f9d-bd16-851fa8ef9306,2025-08-06T14:33:00.902513,43,The large volume of industrial warehouses,analysis,IDEATION,text,proposal,function,ai_provided,low,,,,[],[],0.0,0.9,1.0,direct_answer,0.0,0,0.4183333333333333,0
